job,n_items,plain_loop_s,best_fixed_s,conductor_first_call_s,picked,decision_overhead_s
count primes,2,0.07846010000503156,0.03892479999922216,0.08002269999997225,sequential,0.0
count primes,4,0.1540893000055803,0.05970990000059828,0.154510799999116,sequential,0.0002747000253293663
count primes,8,0.30892840000160504,0.09642630000598729,0.3180546000075992,multiprocessing,0.0003969000099459663
count primes,16,0.6195039000012912,0.19556750000629108,0.4059923000022536,multiprocessing,0.0004033000150229782
count primes,32,1.2370376000035321,0.3860172999993665,0.6009845000080531,multiprocessing,0.0004202999989502132
count primes,64,2.4783562000084203,0.7967914000037126,0.9941327999986243,multiprocessing,0.0004715999821200967
count primes,128,4.942689299990889,1.623993999994127,1.8518114000034984,multiprocessing,0.0004455000162124634
count primes,256,9.932583500005421,3.232927600009134,3.615179699991131,multiprocessing,0.00040150001586880535
call API,4,0.12122200000158045,0.03120320000743959,0.12234020000323653,sequential,0.00034420000156387687
call API,8,0.24322350000147708,0.031253599998308346,0.2140211000078125,threading,0.00046290000318549573
call API,16,0.48702429998957086,0.06168769999931101,0.24481329999980517,threading,0.0005799000064143911
call API,32,0.9708679000032134,0.12256120001256932,0.3052123999950709,threading,0.0004687999899033457
call API,64,1.943605899999966,0.2442678000079468,0.4281918999913614,threading,0.000475099979666993
call API,128,3.8836949999968056,0.48719590000109747,0.670676599998842,threading,0.0004724999889731407
call API,256,7.770289399995818,0.9736862999998266,1.1558570000051986,threading,0.000541199988219887
call API,512,15.634343700003228,1.9466943000006722,2.128112800011877,threading,0.0004700999998021871
add tax,10,5.1000097300857306e-06,5.1000097300857306e-06,1.9899991457350552e-05,sequential,0.0
add tax,100,4.3799998820759356e-05,4.3799998820759356e-05,5.420000525191426e-05,sequential,0.0
add tax,1000,0.0004658999969251454,0.0004251000063959509,0.00043670000741258264,sequential,0.0
add tax,10000,0.004497699992498383,0.004322200009482913,0.01096079999115318,sequential,0.002830899946275167
add tax,100000,0.04708829999435693,0.044677599988062866,0.0326335999998264,multiprocessing,0.003131799923721701
add tax,1000000,0.4996995999972569,0.48894159999326803,0.276038800002425,multiprocessing,0.0033304001699434593
