job,n_items,plain_loop_s,conductor_s,overhead_s,mode
add tax (tiny),10,5.580999996368519e-06,3.1620000001453263e-05,0.0,sequential
add tax (tiny),100,4.733099999754131e-05,5.892200000090497e-05,0.0,sequential
add tax (tiny),1000,0.0004966770000010001,0.0005015959999994379,0.0,sequential
add tax (tiny),10000,0.005192907999997942,0.004467185000002871,1.1682000000234893e-05,sequential
add tax (tiny),100000,0.043598311000003775,0.07708859500000642,1.3315000003899513e-05,multiprocessing
count primes (small),8,0.015999456000002965,0.01627999000000102,1.1833000002070548e-05,sequential
count primes (small),16,0.03155433500000271,0.011755286000003196,1.4016999998034407e-05,multiprocessing
count primes (small),32,0.06405547299999625,0.019858892000002015,1.1411999999211275e-05,multiprocessing
count primes (small),64,0.12754264400000181,0.042731146999997804,1.4026999998861811e-05,multiprocessing
