function,kind,job_size_s,n_items,t_sequential,t_threading,t_multiprocessing,label,t_adaptive,adaptive_mode
nbody,pyperformance,0.05,8,0.0957078090000003,0.0980407859999985,0.0536402629999983,multiprocessing,0.0996069380000008,multiprocessing
nbody,pyperformance,0.3,24,0.2882856839999981,0.292433410000001,0.1500119200000007,multiprocessing,0.2237820829999997,multiprocessing
nbody,pyperformance,1.5,121,1.463926131000001,1.468190829000001,0.7291825250000024,multiprocessing,0.7980715639999971,multiprocessing
nbody,pyperformance,5.0,413,4.972399379999999,5.002339124000002,2.432412411999991,multiprocessing,2.5128169319999927,multiprocessing
spectral_norm,pyperformance,0.05,9,0.0464098310000054,0.0478097179999963,0.0284070609999957,multiprocessing,0.0437732499999867,multiprocessing
spectral_norm,pyperformance,0.3,58,0.2951194930000014,0.3017218919999891,0.1692522139999965,multiprocessing,0.2185255479999881,multiprocessing
spectral_norm,pyperformance,1.5,291,1.4797577260000023,1.5113202999999942,0.7969104289999933,multiprocessing,0.8467953389999963,multiprocessing
spectral_norm,pyperformance,5.0,968,4.931467209999994,5.021386499000016,2.612954207999991,multiprocessing,2.66738594200001,multiprocessing
fannkuch,pyperformance,0.05,9,0.0484926720000089,0.0493268619999867,0.0320906589999765,multiprocessing,0.0500001860000054,multiprocessing
fannkuch,pyperformance,0.3,54,0.2890816009999923,0.2930806039999822,0.1681114829999899,multiprocessing,0.2174091560000022,multiprocessing
fannkuch,pyperformance,1.5,278,1.4867439439999828,1.5054807939999932,0.7739155229999994,multiprocessing,0.8289919839999982,multiprocessing
fannkuch,pyperformance,5.0,935,4.966355072999988,5.0553236369999865,2.546009115000004,multiprocessing,2.611085473999992,multiprocessing
nqueens,pyperformance,0.05,285,0.0486859089999995,0.0494719620000125,0.0263482559999772,multiprocessing,0.0406696809999971,multiprocessing
nqueens,pyperformance,0.3,1713,0.2937871120000181,0.2911347860000148,0.1429299229999969,multiprocessing,0.1989035569999941,multiprocessing
nqueens,pyperformance,1.5,8600,1.469697570999983,1.4547824899999853,0.6618533710000065,multiprocessing,0.717961846999998,multiprocessing
nqueens,pyperformance,5.0,25941,4.422832661000001,4.376781620000003,1.9671028190000184,multiprocessing,2.0224680790000207,multiprocessing
float_points,pyperformance,0.05,18,0.0486806389999969,0.0496075429999791,0.0313392170000383,multiprocessing,0.0428176870000243,multiprocessing
float_points,pyperformance,0.3,110,0.2962352440000018,0.2991411350000135,0.1595439769999984,multiprocessing,0.2117294180000044,multiprocessing
float_points,pyperformance,1.5,558,1.503290824999965,1.512417739,0.7554235480000102,multiprocessing,0.8226500050000141,multiprocessing
float_points,pyperformance,5.0,1873,5.026495641999986,5.069459993999999,2.520787535000011,multiprocessing,2.573627826999996,multiprocessing
mandelbrot_row,pyperformance,0.05,216,0.0934317310000096,0.0958005070000354,0.0623322550000011,multiprocessing,0.0776874769999835,multiprocessing
mandelbrot_row,pyperformance,0.3,2855,1.184460273000013,1.2068893079999723,0.6638807710000378,multiprocessing,0.7159580809999966,multiprocessing
mandelbrot_row,pyperformance,1.5,2187,0.90807210600002,0.9280951409999716,0.5140008000000194,multiprocessing,0.5611578550000331,multiprocessing
mandelbrot_row,pyperformance,5.0,26030,10.881967483999972,11.181416403999949,5.9760988030000135,multiprocessing,6.041098605000002,multiprocessing
pidigits,pyperformance,0.05,11,0.0486644039999646,0.050137903999996,0.0282431570000198,multiprocessing,0.0413416470000242,multiprocessing
pidigits,pyperformance,0.3,67,0.2938482810000096,0.3013718180000069,0.1437390469999968,multiprocessing,0.2065982649999682,multiprocessing
pidigits,pyperformance,1.5,340,1.4906015370000318,1.5270117009999922,0.6602344499999617,multiprocessing,0.7241650719999484,multiprocessing
pidigits,pyperformance,5.0,1128,4.935947521999992,5.06089112799998,2.148672696000005,multiprocessing,2.191997464999986,multiprocessing
telco,pyperformance,0.05,14,0.0503193289999899,0.0515481620000173,0.0318276279999736,multiprocessing,0.0423611389999223,multiprocessing
telco,pyperformance,0.3,81,0.2911740409999765,0.2951456600000028,0.1686531409999361,multiprocessing,0.21466851699995,multiprocessing
telco,pyperformance,1.5,413,1.4935246599999346,1.5040594040000317,0.7702991520000069,multiprocessing,0.8283450589999575,multiprocessing
telco,pyperformance,5.0,1388,5.005762871000002,5.033936574999984,2.5594834390000187,multiprocessing,2.598839946999988,multiprocessing
fractions_sum,stdlib,0.05,79,0.0490672959999756,0.0505953750000571,0.0279893349999156,multiprocessing,0.041339101999938,multiprocessing
fractions_sum,stdlib,0.3,483,0.2992275750000317,0.304552817000058,0.1489379820000067,multiprocessing,0.2077784560000282,multiprocessing
fractions_sum,stdlib,1.5,2284,1.411648952000064,1.442483682000102,0.6621851649999826,multiprocessing,0.7204353289999972,multiprocessing
fractions_sum,stdlib,5.0,7623,4.730515295000032,4.796548163000011,2.1917087760000413,multiprocessing,2.233871692999969,multiprocessing
json_dumps,pyperformance,0.05,128,0.0495209639999529,0.0516284469999845,0.049504273000025,sequential,0.0560553520000439,sequential
json_dumps,pyperformance,0.3,772,0.2978398209999113,0.3071058290000792,0.2827448309999454,multiprocessing,0.3063471099999333,sequential
json_dumps,pyperformance,1.5,3892,1.5076564690000396,1.55043152799999,1.5966236089999484,sequential,1.510873679000042,sequential
json_dumps,pyperformance,5.0,12590,4.842501422999931,5.014123669000014,5.523924176000037,sequential,4.851183324999965,sequential
json_loads,pyperformance,0.05,165,0.0497235630000432,0.0523606479999898,0.0332254470000634,multiprocessing,0.0455248580000215,multiprocessing
json_loads,pyperformance,0.3,1002,0.3031817349999528,0.3122396600000456,0.1709786490000624,multiprocessing,0.2274392849999458,multiprocessing
json_loads,pyperformance,1.5,4709,1.4149194780000016,1.4661289970000553,0.7804302310000821,multiprocessing,0.839514351000048,multiprocessing
json_loads,pyperformance,5.0,16198,4.867041029000006,5.025177951999922,2.644406649999951,multiprocessing,2.722757668999975,multiprocessing
regex_scan,pyperformance,0.05,34,0.050356918000034,0.0520473010000159,0.0340624899999966,multiprocessing,0.0414927099999431,multiprocessing
regex_scan,pyperformance,0.3,203,0.2981121079999411,0.3074564519999967,0.1676710430000412,multiprocessing,0.2152693880000242,multiprocessing
regex_scan,pyperformance,1.5,995,1.4638907569999446,1.5087641389999362,0.7759028559999024,multiprocessing,0.8181107269999757,multiprocessing
regex_scan,pyperformance,5.0,3398,4.997540642999979,5.141405158999987,2.6128674179999507,multiprocessing,2.6562649859999965,multiprocessing
pickle_roundtrip,pyperformance,0.05,231,0.0469336950000069,0.0494727709999551,0.0612421419999691,sequential,0.0536689699999897,sequential
pickle_roundtrip,pyperformance,0.3,1489,0.2971919259999822,0.3073767579999185,0.4023943810000219,sequential,0.3041445569999723,sequential
pickle_roundtrip,pyperformance,1.5,7417,1.4735140249999858,1.5330063960000189,2.552661962999992,sequential,1.478051800000003,sequential
pickle_roundtrip,pyperformance,5.0,24548,4.901288616999977,5.113170353999976,8.365127028000074,sequential,4.943756903999997,sequential
deepcopy_obj,pyperformance,0.05,70,0.0454378929999848,0.0478497489999654,0.0397336880000693,multiprocessing,0.0514635119999411,sequential
deepcopy_obj,pyperformance,0.3,443,0.2839663879999534,0.2966503379999494,0.2160582589999649,multiprocessing,0.2923732500000824,sequential
deepcopy_obj,pyperformance,1.5,2171,1.3920657459999577,1.448438163999981,1.0963268610000796,multiprocessing,1.4044436330001415,sequential
deepcopy_obj,pyperformance,5.0,7722,4.923799473000145,5.130713776999983,4.1352991510000265,multiprocessing,4.970127876999868,sequential
diff_ratio,stdlib,0.05,154,0.1155378490000202,0.1188537040000028,0.0719989609999629,multiprocessing,0.0986325540000052,multiprocessing
diff_ratio,stdlib,0.3,1058,0.7631312430000889,0.7888067110000065,0.4225730200000726,multiprocessing,0.4713312549999955,multiprocessing
diff_ratio,stdlib,1.5,5281,3.797920635000082,3.9320188789999975,2.021201207000104,multiprocessing,2.061601180000025,multiprocessing
diff_ratio,stdlib,5.0,16891,12.203277543000013,12.646293452999998,6.427797962999875,multiprocessing,6.514315846000045,multiprocessing
csv_parse,stdlib,0.05,48,0.0476870259999486,0.0490378399999826,0.0308559159998367,multiprocessing,0.042265905000022,multiprocessing
csv_parse,stdlib,0.3,302,0.3045835180000722,0.3036414849998436,0.1788674070000979,multiprocessing,0.2218649589999586,multiprocessing
csv_parse,stdlib,1.5,1526,1.5763563830000749,1.57956040199997,0.8362544149999849,multiprocessing,0.8950781399998959,multiprocessing
csv_parse,stdlib,5.0,5057,5.232668208000177,5.215011756999957,2.767275771999948,multiprocessing,2.85015386300006,multiprocessing
sqlite_queries,stdlib,0.05,18,0.0482147280001754,0.6575122120000287,0.0296317199999975,multiprocessing,0.0595206150001104,multiprocessing
sqlite_queries,stdlib,0.3,112,0.2967053919999216,1.742324709999593,0.1484649419999186,multiprocessing,0.3003058599999804,multiprocessing
sqlite_queries,stdlib,1.5,552,1.463621914999976,4.437303309999606,0.6874606619999213,multiprocessing,0.8393920480000361,multiprocessing
sqlite_queries,stdlib,5.0,1848,4.894320347000075,12.219870080000192,2.2439740160000383,multiprocessing,2.4082157899999856,multiprocessing
sha256_block,stdlib,0.05,8,0.1582123020000381,0.0745587240000986,0.0849187559999791,threading,0.1420709060000717,threading
sha256_block,stdlib,0.3,15,0.2960999429999447,0.1456986939999751,0.1562413859999196,threading,0.1939748710001367,threading
sha256_block,stdlib,1.5,76,1.4987731670000812,0.704196789999969,0.7438542219999817,threading,0.7648567269998239,threading
sha256_block,stdlib,5.0,253,4.992119809000087,2.313742198,2.4281716380000944,threading,2.3780124780000733,threading
compress_block,stdlib,0.05,8,0.0482922440000948,0.0181456039999829,0.0259497720001036,threading,0.0434087240000735,sequential
compress_block,stdlib,0.3,49,0.2950815939998392,0.1121049870000661,0.1324756710000656,threading,0.1629228279998642,threading
compress_block,stdlib,1.5,250,1.4995048830000997,0.5593024700001479,0.6223836049998681,threading,0.616391073999921,threading
compress_block,stdlib,5.0,832,5.0533165750000535,1.8208145000000968,2.044320173999949,threading,1.8773847570000728,threading
base64_roundtrip,stdlib,0.05,12,0.0465863710001031,0.0481185319999895,0.0354566380001415,multiprocessing,0.048684847000004,sequential
base64_roundtrip,stdlib,0.3,77,0.2984342659999583,0.3046823359998143,0.1846793439999601,multiprocessing,0.2344387040000128,multiprocessing
base64_roundtrip,stdlib,1.5,385,1.4916688970001817,1.5200012350001089,0.8851894330000505,multiprocessing,0.9839414830000806,multiprocessing
base64_roundtrip,stdlib,5.0,1294,5.013057022000112,5.122816860000057,3.181931178000013,multiprocessing,3.2708420859999023,multiprocessing
file_roundtrip,stdlib,0.05,21,0.0387439400001312,0.0147555390001343,0.0166484139999738,threading,0.0252620280000428,threading
file_roundtrip,stdlib,0.3,180,0.3287203099998805,0.115869431999954,0.1184581050001725,threading,0.1594643220000762,threading
file_roundtrip,stdlib,1.5,816,1.522257340999886,0.7150837039998805,0.5976273420001235,multiprocessing,0.7131743429999915,threading
file_roundtrip,stdlib,5.0,2764,5.139438485000028,2.3138645829999405,2.419671739000023,threading,2.442888379000124,threading
fake_http,stdlib,0.05,8,0.2410237319998032,0.060713609000004,0.0617255980000663,threading,0.2022200950000297,threading
fake_http,stdlib,0.3,8,0.2310742340000615,0.0806440849999035,0.0811918050001168,threading,0.2121095980000973,threading
fake_http,stdlib,1.5,74,1.7698484649999957,0.4830342939999354,0.4836418499999126,threading,0.5739269849998436,threading
fake_http,stdlib,5.0,124,2.856103857999869,0.7742397710001114,0.7752285199999278,threading,0.9158526480000546,threading
numpy_matmul,numpy,0.05,112,0.0424649040000986,0.0440143440000611,0.0238666630000352,multiprocessing,0.0452349509998839,threading
numpy_matmul,numpy,0.3,722,0.2747951979999925,0.3114567590000661,0.1798118419999355,multiprocessing,0.2011090100002093,multiprocessing
numpy_matmul,numpy,1.5,3527,1.3013071630000468,1.3285473460000503,0.5776098430001184,multiprocessing,0.6298334810001052,multiprocessing
numpy_matmul,numpy,5.0,11923,4.346534250999866,4.443015756000023,1.917599047999829,multiprocessing,1.984127323999928,multiprocessing
